Site,Period,14C date on cereal?,Crop,Age median (BP),Age lower CI (BP),Age upper CI (BP),Niche probability median,Niche probability lower CI,Niche probability upper CI
Adam,2,FALSE,Foxtail millet,2170,1810,2530,1,1,1
Adam,2,FALSE,Wheat,2170,1810,2530,1,1,1
Adam,2,FALSE,Barley,2170,1810,2530,1,1,1
Adichanallur,NA,FALSE,Rice,2250,2050,2450,1,1,1
Ahar,NA,FALSE,Rice,2790,1690,3910,0.83,0.7254999999999999,0.94
Ahirua Rajarampur,NA,FALSE,Barley,2390,1870,2930,1,1,1
Ahirua Rajarampur,NA,FALSE,Rice,2390,1870,2930,0.89,0.82,0.9
Ajiacun,NA,TRUE,Foxtail millet,3950,3890,4070,0.905,0.87225,0.94775
Ajiacun,NA,TRUE,Broomcorn millet,3950,3890,4070,0.92,0.8845000000000001,0.94775
Alandskoe,NA,FALSE,Broomcorn millet,3950,3750,4150,1,0.98,1
Alandskoe,NA,FALSE,Wheat,3950,3750,4150,1,1,1
An Son,NA,FALSE,Rice,2890,2750,3050,1,1,1
Anau,NA,FALSE,Wheat,5050,4610,5490,1,1,1
Anau,NA,FALSE,Barley,5050,4610,5490,1,1,1
Andaqiha,NA,TRUE,Foxtail millet,4910,4850,5030,0.97,0.97,0.98
Andaqiha,NA,TRUE,Broomcorn millet,4910,4850,5030,0.98,0.97,0.98
"Anhui, Hanshan",NA,TRUE,Rice,3510,3350,3670,0.73,0.71,0.75
"Anlong Phdao, Anlong Prou, Long Proa",NA,FALSE,Rice,3950,3750,4150,1,1,1
Anuradhapura,NA,FALSE,Rice,2250,2050,2450,1,1,1
Arikamedu,NA,FALSE,Rice,1950,1750,2150,1,1,1
Arkhaim,NA,FALSE,Broomcorn millet,3950,3750,4150,1,0.98,1
Arkhaim,NA,FALSE,Wheat,3950,3750,4150,1,1,1
Ashaonao,NA,TRUE,Wheat,2270,1990,3270,0.9,0.86,0.92
Ashaonao,NA,TRUE,Barley,2270,1990,3270,0.88,0.84,0.91
Atranjikhera,1,FALSE,Wheat,2690,2450,2950,1,1,1
Atranjikhera,1,FALSE,Barley,2690,2450,2950,1,1,1
Atranjikhera,1,FALSE,Rice,2690,2450,2950,0.87,0.86,0.88375
Atranjikhera,2,FALSE,Wheat,2330,2210,2450,1,1,1
Atranjikhera,2,FALSE,Barley,2330,2210,2450,1,1,1
Atranjikhera,2,FALSE,Rice,2330,2210,2450,0.87,0.843,0.89
Atranjikhera,3,FALSE,Rice,1910,1650,2190,0.805,0.73,0.87
Bai Man,NA,FALSE,Rice,3290,3150,3450,1,0.99,1
Baidyapur [Baidipur],NA,FALSE,Rice,2990,2090,3910,0.99,0.97,1
Baishe,NA,FALSE,Foxtail millet,4650,4530,4850,0.96,0.96,0.976
Baishe,NA,TRUE,Foxtail millet,4650,4530,4850,0.96,0.96,0.976
Baishe,NA,FALSE,Broomcorn millet,4650,4530,4850,0.96,0.96,0.98
Baishe,NA,TRUE,Broomcorn millet,4650,4530,4850,0.96,0.96,0.98
Baixihaer Grottoes,NA,TRUE,Wheat,1150,990,1310,0.84,0.74,0.96
Balathal,1,FALSE,Foxtail millet,3870,3470,4270,1,0.97,1
Balathal,1,FALSE,Broomcorn millet,3870,3470,4270,1,0.98,1
Balathal,1,FALSE,Wheat,3870,3470,4270,1,1,1
Balathal,1,FALSE,Barley,3870,3470,4270,1,1,1
Balathal,2,FALSE,Foxtail millet,2050,1670,2430,0.97,0.91,0.98
Balathal,2,FALSE,Broomcorn millet,2050,1670,2430,0.98,0.94,0.99
Balathal,2,FALSE,Wheat,2050,1670,2430,1,0.98,1
Balathal,2,FALSE,Barley,2050,1670,2430,1,0.98,1
Balathal,2,FALSE,Rice,2050,1670,2430,0.8,0.6895,0.85
Baligang,3,TRUE,Foxtail millet,4530,4170,4810,1,1,1
Baligang,3,TRUE,Broomcorn millet,4530,4170,4810,1,1,1
Baligang,3,TRUE,Rice,4530,4170,4810,0.94,0.92,0.97
Baligang,4,TRUE,Foxtail millet,2710,2490,3150,0.9,0.88,0.91
Baligang,4,TRUE,Broomcorn millet,2710,2490,3150,0.94,0.92,0.95
Baligang,4,TRUE,Wheat,2710,2490,3150,1,1,1
Baligang,4,TRUE,Rice,2710,2490,3150,0.71,0.68,0.7117499999999999
Balu,NA,FALSE,Wheat,4150,3850,4450,1,1,1
Balu,NA,FALSE,Barley,4150,3850,4450,1,1,1
Balu,NA,FALSE,Rice,4150,3850,4450,1,0.93,1
Ban Ang — Phong Savanh,NA,TRUE,Wheat,1950,1650,2250,1,0.9575,1
Ban Ang — Phong Savanh,NA,TRUE,Barley,1950,1650,2250,1,0.94,1
Ban Ang — Phong Savanh,NA,FALSE,Rice,1950,1650,2250,0.84,0.77,0.8825000000000001
Ban Chiang,NA,FALSE,Rice,2790,1850,3330,1,0.98,1
Ban Chiang Hian,NA,FALSE,Rice,2690,2550,2850,1,1,1
Ban Don Ta Phet,NA,FALSE,Rice,2310,2310,2330,1,1,1
Ban Kho Noi,NA,FALSE,Rice,2690,2550,2850,1,1,1
Ban Lum Khao,NA,FALSE,Rice,2910,2730,3370,1,1,1
Ban Na Di,NA,FALSE,Rice,2570,2350,2750,1,1,1
Ban Non Wat,NA,FALSE,Rice,2370,1770,2970,1,0.99,1
Ban Tha Kae,NA,FALSE,Rice,3890,3650,4150,1,1,1
Banawali,NA,FALSE,Wheat,4050,3850,4250,1,1,1
Banawali,NA,FALSE,Barley,4050,3850,4250,1,1,1
Banawali,NA,FALSE,Rice,4050,3850,4250,0.99,0.93,1
Bangga,NA,TRUE,Wheat,2530,2190,2970,0.84,0.8097500000000001,0.88
Bangga,NA,TRUE,Barley,2530,2190,2970,0.82,0.78,0.85
Baodun,1,TRUE,Foxtail millet,4330,3870,4550,1,0.97,1
Baodun,1,FALSE,Foxtail millet,4330,3870,4550,1,0.97,1
Baodun,1,TRUE,Rice,4330,3870,4550,0.93,0.8284999999999999,0.96
Baodun,1,FALSE,Rice,4330,3870,4550,0.93,0.8284999999999999,0.96
Baodun,2,TRUE,Foxtail millet,2050,1910,2290,0.9,0.87,0.92
Baodun,2,TRUE,Rice,2050,1910,2290,0.7,0.66,0.72
Barudih,NA,FALSE,Rice,3450,2970,3930,0.96,0.93,1
Bayan,NA,TRUE,Wheat,2970,2890,3050,0.9,0.88,0.92
Bayan,NA,TRUE,Barley,2970,2890,3050,0.87,0.852,0.9
Begash,NA,FALSE,Broomcorn millet,4130,3990,4370,NA,NA,NA
Begash,NA,TRUE,Broomcorn millet,4130,3990,4370,NA,NA,NA
Begash,NA,FALSE,Wheat,4130,3990,4370,NA,NA,NA
Begash,NA,TRUE,Wheat,4130,3990,4370,NA,NA,NA
Begash,NA,FALSE,Barley,4130,3990,4370,NA,NA,NA
Begash,NA,TRUE,Barley,4130,3990,4370,NA,NA,NA
Benbakou,NA,TRUE,Foxtail millet,4690,4570,4810,0.97,0.97,0.98
Benbakou,NA,TRUE,Broomcorn millet,4690,4570,4810,0.98,0.97,0.98
Bhagimohari (Bhagi Mahari),NA,FALSE,Barley,2550,2170,2930,1,1,1
Bhagimohari (Bhagi Mahari),NA,FALSE,Rice,2550,2170,2930,0.98,0.9694999999999999,0.99
Bhokardan,NA,FALSE,Rice,2090,1850,2350,0.97,0.93,0.98
Bianjiashan,NA,FALSE,Rice,4190,3950,4450,0.92,0.84625,0.96
Binh Ta,NA,FALSE,Rice,1590,1350,1850,1,0.99,1
"Bir-Kot-Ghwandai, Swat",NA,FALSE,Wheat,3490,3350,3650,0.96,0.95,0.97
"Bir-Kot-Ghwandai, Swat",NA,FALSE,Barley,3490,3350,3650,0.96,0.95,0.97
"Bir-Kot-Ghwandai, Swat",NA,FALSE,Rice,3490,3350,3650,0.515,0.48,0.5762499999999999
Bozikelike Grottoes,NA,TRUE,Wheat,990,590,1270,0.64,0.477,0.9414999999999999
Burzahom,1,FALSE,Wheat,4490,4250,4750,1,1,1
Burzahom,1,FALSE,Barley,4490,4250,4750,1,1,1
Burzahom,2,FALSE,Wheat,2150,1770,2530,0.9,0.84,0.94
Burzahom,2,FALSE,Barley,2150,1770,2530,0.9,0.839,0.92
Burzahom,2,FALSE,Rice,2150,1770,2530,0.34,0.2595,0.39
Buziping,NA,TRUE,Foxtail millet,3970,3750,4950,0.98,0.86,0.99
Buziping,NA,FALSE,Foxtail millet,3970,3750,4950,0.98,0.86,0.99
Buziping,NA,TRUE,Broomcorn millet,3970,3750,4950,0.98,0.88,0.99
Buziping,NA,FALSE,Broomcorn millet,3970,3750,4950,0.98,0.88,0.99
Cangdi (CD),NA,FALSE,Foxtail millet,4970,4470,5490,1,0.99,1
Cangdi (CD),NA,FALSE,Rice,4970,4470,5490,0.885,0.83,0.96
Changguogou,NA,TRUE,Foxtail millet,3290,2990,3390,0.63,0.61,0.72
Changguogou,NA,TRUE,Wheat,3290,2990,3390,0.84,0.815,0.915
Changguogou,NA,TRUE,Barley,3290,2990,3390,0.82,0.79,0.895
Chaolaiqiao,NA,FALSE,Rice,4050,3970,4210,0.96,0.953,0.97
Charda,NA,FALSE,Rice,1590,970,2230,0.8,0.6515,0.87
Chenghu,NA,FALSE,Rice,5370,5250,5510,0.985,0.98,0.99
Chengjiazhuang (CJZ),NA,FALSE,Foxtail millet,4090,3850,4350,0.99,0.94,1
Chengjiazhuang (CJZ),NA,FALSE,Rice,4090,3850,4350,0.805,0.66625,0.89375
Chirand,NA,FALSE,Wheat,3650,3350,3950,1,1,1
Chirand,NA,FALSE,Barley,3650,3350,3950,1,1,1
Chirand,NA,FALSE,Rice,3650,3350,3950,0.95,0.92,0.99
Cho Ghenh,NA,FALSE,Rice,990,950,1050,0.815,0.7712500000000001,0.8587499999999999
Dachendun,NA,FALSE,Rice,3950,3910,3990,0.84,0.83,0.85
Dadiwan,1,FALSE,Foxtail millet,5310,4630,5510,0.99,0.98,1
Dadiwan,1,FALSE,Broomcorn millet,5310,4630,5510,1,0.98,1
Dadiwan,2,TRUE,Wheat,990,930,1130,0.74,0.62,0.78
Dadunzi,NA,FALSE,Rice,3330,3070,3550,0.62,0.6,0.66
Daimabad,1,FALSE,Wheat,3790,3650,3950,1,1,1
Daimabad,1,FALSE,Barley,3790,3650,3950,1,1,1
Daimabad,2,FALSE,Wheat,3550,3450,3650,1,1,1
Daimabad,2,FALSE,Barley,3550,3450,3650,1,1,1
Daimabad,3,FALSE,Foxtail millet,3250,3050,3450,1,1,1
Daimabad,3,FALSE,Wheat,3250,3050,3450,1,1,1
Daimabad,3,FALSE,Barley,3250,3050,3450,1,1,1
Daimabad,3,FALSE,Rice,3250,3050,3450,0.98,0.96,0.99
Damdama,NA,FALSE,Wheat,4250,3950,4550,1,1,1
Damdama,NA,FALSE,Rice,4250,3950,4550,1,0.99,1
Dangwada,1,FALSE,Wheat,3690,3450,3950,1,1,1
Dangwada,1,FALSE,Rice,3690,3450,3950,0.965,0.92,0.99
Dangwada,2,FALSE,Wheat,1950,1650,2250,0.99,0.99,1
Dangwada,2,FALSE,Rice,1950,1650,2250,0.88,0.8,0.93
"Daulatpur, Haryana",NA,FALSE,Rice,3890,3650,4150,0.935,0.84625,1
Dazuizi,NA,FALSE,Rice,4090,3750,4450,0.825,0.6375000000000001,0.95
Diantoubao (DTB ),NA,FALSE,Foxtail millet,4430,3390,5470,0.99,0.8160000000000001,1
Diantoubao (DTB ),NA,FALSE,Broomcorn millet,4430,3390,5470,1,0.8519999999999999,1
Diantoubao (DTB ),NA,FALSE,Rice,4430,3390,5470,0.85,0.526,0.96
Diaoyutai,NA,TRUE,Wheat,2450,2170,2710,1,1,1
Ding Dun,NA,TRUE,Barley,850,790,910,0.34,0.3315,0.36
Dingdian (DD),NA,FALSE,Foxtail millet,5030,4570,5490,1,0.99,1
Dingdian (DD),NA,FALSE,Broomcorn millet,5030,4570,5490,1,1,1
Dingdian (DD),NA,FALSE,Rice,5030,4570,5490,0.88,0.83,0.96
Djarkutan,NA,FALSE,Wheat,3950,3910,3990,1,1,1
Djarkutan,NA,FALSE,Barley,3950,3910,3990,1,1,1
Don Thapan,NA,FALSE,Rice,1950,1930,1970,0.99,0.99,0.99
Dong Dau,NA,TRUE,Rice,3530,3410,3630,0.99,0.98,0.99725
Dong Tien,NA,FALSE,Rice,2450,1970,2930,1,0.982,1
Dongfengxinan,NA,TRUE,Foxtail millet,3190,3070,3330,0.675,0.64,0.7434999999999999
Dongfengxinan,NA,TRUE,Foxtail millet,3190,3070,3330,0.675,0.64,0.7434999999999999
Dongfengxinan,NA,TRUE,Broomcorn millet,3190,3070,3330,0.67,0.64,0.7535000000000001
Dongfengxinan,NA,TRUE,Broomcorn millet,3190,3070,3330,0.67,0.64,0.7535000000000001
Dongfengxinan,NA,TRUE,Barley,3190,3070,3330,0.875,0.86,0.9335
Dongfengxinan,NA,TRUE,Barley,3190,3070,3330,0.875,0.86,0.9335
Donggaocun,1,TRUE,Wheat,2950,2870,3070,0.98,0.98,0.99
Donggaocun,2,TRUE,Wheat,850,790,930,0.735,0.72,0.74
Donghuishan,NA,TRUE,Foxtail millet,3670,3430,5070,0.97,0.6705,0.99
Donghuishan,NA,TRUE,Broomcorn millet,3670,3430,5070,0.98,0.6805000000000001,0.99
Donghuishan,NA,TRUE,Wheat,3670,3430,5070,1,0.901,1
Donghuishan,NA,TRUE,Barley,3670,3430,5070,1,0.89,1
Dugangsi (DGS),NA,FALSE,Foxtail millet,3190,2950,3450,0.87,0.86,0.91
Dugangsi (DGS),NA,FALSE,Broomcorn millet,3190,2950,3450,0.92,0.9,0.96
Dugangsi (DGS),NA,FALSE,Wheat,3190,2950,3450,1,0.99,1
Dugangsi (DGS),NA,FALSE,Barley,3190,2950,3450,0.98,0.98,1
Dugangsi (DGS),NA,FALSE,Rice,3190,2950,3450,0.65,0.63,0.69
Egiin Gol,NA,TRUE,Wheat,1950,1570,2310,0.91,0.75925,0.96
Egiin Gol,NA,FALSE,Wheat,1950,1570,2310,0.91,0.75925,0.96
Egiin Gol,NA,TRUE,Barley,1950,1570,2310,0.865,0.6992499999999999,0.94
Egiin Gol,NA,FALSE,Barley,1950,1570,2310,0.865,0.6992499999999999,0.94
Erfang,NA,TRUE,Foxtail millet,3050,2970,3150,0.71,0.71,0.71775
Erfang,NA,TRUE,Broomcorn millet,3050,2970,3150,0.72,0.72,0.7354999999999999
Erfang,NA,TRUE,Wheat,3050,2970,3150,0.92,0.92,0.92
Erfang,NA,TRUE,Barley,3050,2970,3150,0.895,0.89,0.9
Erlitou,NA,FALSE,Foxtail millet,3690,3550,3850,0.925,0.85375,0.96
Erlitou,NA,FALSE,Broomcorn millet,3690,3550,3850,0.965,0.9,0.99
Erlitou,NA,FALSE,Rice,3690,3550,3850,0.685,0.62,0.74
Feiyao,NA,TRUE,Foxtail millet,3770,3670,3890,0.925,0.88275,0.9472499999999999
Fengcun west (FCXB),NA,FALSE,Foxtail millet,4450,4350,4550,1,1,1
Fengcun west (FCXB),NA,FALSE,Broomcorn millet,4450,4350,4550,1,1,1
Fengcun west (FCXB),NA,FALSE,Rice,4450,4350,4550,0.9,0.8724999999999999,0.92
Fengyangzhai,NA,TRUE,Foxtail millet,3090,2970,3210,0.82,0.82,0.837
Fengyangzhai,NA,TRUE,Wheat,3090,2970,3210,0.98,0.98,0.987
Gagai,NA,TRUE,Barley,2710,2510,2750,0.88,0.87,0.887
Ganggangwa,NA,TRUE,Foxtail millet,3850,3710,3970,0.91,0.86325,0.94675
Ganggangwa,NA,TRUE,Broomcorn millet,3850,3710,3970,0.935,0.89325,0.96
Ganggangwa,NA,TRUE,Wheat,3850,3710,3970,0.99,0.98,1
"Gansu, Tianshui",NA,TRUE,Rice,5070,4850,5310,0.86,0.8,0.92
Gantouyan,NA,FALSE,Foxtail millet,2730,1650,3830,0.92,0.88,0.95
Gantouyan,NA,FALSE,Rice,2730,1650,3830,0.8,0.6872499999999999,0.85
Gayixiangjing,NA,TRUE,Foxtail millet,4950,4870,5230,0.98,0.97,1
Gayixiangjing,NA,TRUE,Broomcorn millet,4950,4870,5230,0.98,0.9744999999999999,1
Ghalegay,NA,FALSE,Wheat,3850,3650,4430,1,0.96975,1
Ghalegay,NA,FALSE,Barley,3850,3650,4430,1,0.96,1
Ghalegay,NA,FALSE,Rice,3850,3650,4430,0.8200000000000001,0.5692499999999999,0.91
Go Chien Vay,NA,FALSE,Rice,2950,2910,2990,0.99,0.98,0.99
Gofkral IA,NA,FALSE,Wheat,5050,4750,5350,1,1,1
Gofkral IA,NA,FALSE,Barley,5050,4750,5350,1,1,1
Gofkral IA,NA,FALSE,Rice,5050,4750,5350,0.86,0.82,0.91
Golbai Sassan,NA,FALSE,Foxtail millet,2950,2470,3430,1,1,1
Golbai Sassan,NA,FALSE,Broomcorn millet,2950,2470,3430,1,1,1
Gongshijia,NA,TRUE,Foxtail millet,3850,3330,4010,0.77,0.68,0.9215
Gongshijia,NA,TRUE,Broomcorn millet,3850,3330,4010,0.78,0.68,0.9315
Gongshijia,NA,TRUE,Barley,3850,3330,4010,0.94,0.88,1
Gonur depe,NA,FALSE,Wheat,4650,4610,4690,1,1,1
Gonur depe,NA,FALSE,Barley,4650,4610,4690,1,1,1
Gopalpur,NA,FALSE,Foxtail millet,2950,2470,3430,1,1,1
Guangfulin,NA,FALSE,Rice,4110,4010,4230,0.905,0.86275,0.92
Guanzizui,NA,TRUE,Foxtail millet,3950,3870,4070,0.92,0.89,0.9575
Guanzizui,NA,TRUE,Broomcorn millet,3950,3870,4070,0.94,0.9,0.96
"Gufkral, Kashmir",NA,FALSE,Wheat,3150,3110,3190,0.92,0.92,0.92
"Gufkral, Kashmir",NA,FALSE,Barley,3150,3110,3190,0.92,0.92,0.92
"Gufkral, Kashmir",NA,FALSE,Rice,3150,3110,3190,0.41,0.41,0.42
Guiyuanqiao,1,TRUE,Foxtail millet,4750,4630,4850,0.99,0.99,0.99
Guiyuanqiao,1,TRUE,Broomcorn millet,4750,4630,4850,1,1,1
Guiyuanqiao,2,TRUE,Foxtail millet,4170,4010,4510,1,0.98,1
Guiyuanqiao,2,TRUE,Broomcorn millet,4170,4010,4510,1,0.9862500000000001,1
Guiyuanqiao,2,TRUE,Rice,4170,4010,4510,0.915,0.8362499999999999,0.94
Gumugou,NA,TRUE,Barley,3970,3530,4970,1,0.96,1
Gumugou,NA,FALSE,Barley,3970,3530,4970,1,0.96,1
Guojiacun,NA,TRUE,Barley,4470,4190,4790,NA,NA,NA
Gushuihe (GSH),NA,FALSE,Foxtail millet,4550,4170,4930,1,1,1
Gushuihe (GSH),NA,FALSE,Broomcorn millet,4550,4170,4930,1,1,1
Gushuihe (GSH),NA,FALSE,Rice,4550,4170,4930,0.91,0.9,0.96
Guye,NA,TRUE,Rice,350,170,450,0.52,0.394,0.5465
Haimenkou,1,TRUE,Foxtail millet,3370,3090,3630,0.765,0.74,0.81
Haimenkou,1,TRUE,Broomcorn millet,3370,3090,3630,0.735,0.7134999999999999,0.78
Haimenkou,1,TRUE,Wheat,3370,3090,3630,0.9,0.88,0.94
Haimenkou,1,TRUE,Barley,3370,3090,3630,0.885,0.86,0.93325
Haimenkou,1,TRUE,Rice,3370,3090,3630,0.48,0.46,0.52
Haimenkou,2,TRUE,Foxtail millet,2530,2370,2730,0.77,0.77,0.79
Haimenkou,2,TRUE,Broomcorn millet,2530,2370,2730,0.74,0.74,0.76
Haimenkou,2,TRUE,Wheat,2530,2370,2730,0.92,0.9,0.94
Haimenkou,2,TRUE,Barley,2530,2370,2730,0.9,0.9,0.92
Haimenkou,2,TRUE,Buckwheat,2530,2370,2730,0.88,0.88,0.9055
Hallur,NA,FALSE,Foxtail millet,3450,2970,3930,1,1,1
Hallur,NA,FALSE,Broomcorn millet,3450,2970,3930,1,1,1
Harappa,1,FALSE,Wheat,4890,4550,5250,1,1,1
Harappa,1,FALSE,Barley,4890,4550,5250,1,1,1
Harappa,2,FALSE,Wheat,4190,3850,4550,1,1,1
Harappa,2,FALSE,Barley,4190,3850,4550,1,1,1
Harappa,3,FALSE,Wheat,3750,3650,3850,1,1,1
Harappa,3,FALSE,Barley,3750,3650,3850,1,1,1
Harappa,3,FALSE,Rice,3750,3650,3850,0.9,0.8425,0.93
Hastinapura,NA,FALSE,Rice,2250,2150,2350,0.82,0.8,0.83
Haxiu,NA,TRUE,Foxtail millet,5170,4990,5270,0.99,0.9635,1
Haxiu,NA,TRUE,Broomcorn millet,5170,4990,5270,0.99,0.96,1
Heibiya,NA,TRUE,Foxtail millet,4830,4710,4850,0.97,0.97,0.97
Heibiya,NA,TRUE,Broomcorn millet,4830,4710,4850,0.97,0.97,0.98
"Henan, Sanmenxia",NA,TRUE,Foxtail millet,5270,4990,5470,1,0.99,1
"Henan, Sanmenxia",NA,TRUE,Broomcorn millet,5270,4990,5470,1,1,1
"Henan, Sanmenxia",NA,TRUE,Rice,5270,4990,5470,0.95,0.8559999999999999,0.95
Hetapatti,NA,FALSE,Barley,3950,3470,4430,1,1,1
Hetapatti,NA,FALSE,Rice,3950,3470,4430,0.99,0.92,1
Hiregudda,NA,TRUE,Wheat,3510,3170,3710,1,1,1
Hiregudda,NA,TRUE,Barley,3510,3170,3710,1,1,1
Hongtjiaozi,NA,TRUE,Foxtail millet,4950,4870,5190,0.98,0.97,0.99
Hongtjiaozi,NA,TRUE,Broomcorn millet,4950,4870,5190,0.98,0.97,0.996
Hongyazhangjia,NA,TRUE,Foxtail millet,4730,4590,4830,0.98,0.98,0.98
Hongyazhangjia,NA,TRUE,Broomcorn millet,4730,4590,4830,0.98,0.98,0.98
Hougou (HG),NA,FALSE,Foxtail millet,4450,4350,4550,1,0.9924999999999999,1
Hougou (HG),NA,FALSE,Broomcorn millet,4450,4350,4550,1,1,1
Hougou (HG),NA,FALSE,Rice,4450,4350,4550,0.89,0.8625,0.91
Htaukmagon,NA,FALSE,Rice,2410,2370,2470,0.98,0.98,0.98
Huangniangniangtai,1,TRUE,Foxtail millet,3870,3710,4050,0.895,0.8342499999999999,0.9557499999999999
Huangniangniangtai,1,TRUE,Broomcorn millet,3870,3710,4050,0.92,0.86,0.96
Huangniangniangtai,1,TRUE,Wheat,3870,3710,4050,0.99,0.98,1
Huangniangniangtai,1,TRUE,Barley,3870,3710,4050,0.99,0.9742500000000001,1
Huangniangniangtai,2,TRUE,Foxtail millet,550,330,670,0.24,0.19425,0.3
Huangniangniangtai,2,TRUE,Broomcorn millet,550,330,670,0.22,0.18,0.28
Huangniangniangtai,2,TRUE,Wheat,550,330,670,0.36,0.3,0.4515
Huangniangniangtai,2,TRUE,Barley,550,330,670,0.34,0.28,0.42574999999999996
"Hubei, Jiangling",NA,TRUE,Rice,2390,2130,2710,0.77,0.76,0.79
Hucun (HC),NA,FALSE,Foxtail millet,4090,3850,4350,0.99,0.94,1
Hucun (HC),NA,FALSE,Broomcorn millet,4090,3850,4350,1,0.97,1
Hucun (HC),NA,FALSE,Rice,4090,3850,4350,0.805,0.66625,0.89375
Huidui,NA,TRUE,Wheat,3270,3170,3350,0.91,0.88,0.94
Huidui,NA,TRUE,Barley,3270,3170,3350,0.885,0.86,0.9355
Huitupo,NA,FALSE,Foxtail millet,5230,4950,5510,1,1,1
Huitupo,NA,FALSE,Broomcorn millet,5230,4950,5510,1,1,1
Huitupo,NA,FALSE,Rice,5230,4950,5510,0.99,0.93,0.99
Huizui,NA,TRUE,Foxtail millet,3750,3590,4050,0.94,0.84575,0.9842500000000001
Huizui,NA,TRUE,Broomcorn millet,3750,3590,4050,0.98,0.8915,1
Huizui,NA,TRUE,Rice,3750,3590,4050,0.695,0.58575,0.8042500000000001
Huizui East,NA,TRUE,Foxtail millet,3970,3790,4130,0.965,0.94,0.99
Huizui East,NA,TRUE,Broomcorn millet,3970,3790,4130,0.995,0.9742500000000001,1
Huizui East,NA,TRUE,Rice,3970,3790,4130,0.755,0.68425,0.84575
Hulas,NA,FALSE,Wheat,3490,3250,3750,1,1,1
Hulas,NA,FALSE,Barley,3490,3250,3750,1,1,1
Hulas,NA,FALSE,Rice,3490,3250,3750,0.83,0.79,0.89375
Hulaskera,NA,FALSE,Wheat,2090,1470,2730,1,1,1
Hulaskera,NA,FALSE,Barley,2090,1470,2730,1,1,1
Hulaskera,NA,FALSE,Rice,2090,1470,2730,0.885,0.77,0.92
Hund,NA,FALSE,Wheat,1950,1750,2150,1,0.985,1
Hund,NA,FALSE,Barley,1950,1750,2150,1,0.985,1
Hund,NA,FALSE,Rice,1950,1750,2150,0.63,0.595,0.7
Huoshaogou,1,TRUE,Foxtail millet,3690,3570,3830,0.81,0.6865,0.87675
Huoshaogou,1,TRUE,Broomcorn millet,3690,3570,3830,0.83,0.7064999999999999,0.8967499999999999
Huoshaogou,1,TRUE,Wheat,3690,3570,3830,0.97,0.92,0.99
Huoshaogou,1,TRUE,Barley,3690,3570,3830,0.96,0.9,0.98675
Huoshaogou,2,TRUE,Foxtail millet,2590,2390,2730,0.72,0.71,0.75
Huoshaogou,2,TRUE,Broomcorn millet,2590,2390,2730,0.74,0.73,0.78
Huoshaogou,2,TRUE,Wheat,2590,2390,2730,0.94,0.94,0.95
Huoshaogou,2,TRUE,Barley,2590,2390,2730,0.92,0.92,0.94
Huoshaogou,3,TRUE,Foxtail millet,1530,1410,1690,0.62,0.48,0.6965
Huoshaogou,3,TRUE,Broomcorn millet,1530,1410,1690,0.64,0.48,0.72
Huoshaogou,3,TRUE,Wheat,1530,1410,1690,0.88,0.7535000000000001,0.92
Huoshaogou,3,TRUE,Barley,1530,1410,1690,0.86,0.7135,0.9065000000000001
Huoshiliang,NA,TRUE,Foxtail millet,3950,3850,4070,0.945,0.91275,0.97
Huoshiliang,NA,TRUE,Broomcorn millet,3950,3850,4070,0.96,0.94,0.98
Huoshiliang,NA,TRUE,Wheat,3950,3850,4070,1,0.99,1
Huoshiliang,NA,TRUE,Barley,3950,3850,4070,1,0.99,1
Hurere,NA,TRUE,Foxtail millet,5170,4990,5430,1,0.9854999999999999,1
Hurere,NA,TRUE,Broomcorn millet,5170,4990,5430,1,0.98,1
Imlidih-Khurd,1,FALSE,Wheat,3590,3250,3950,1,1,1
Imlidih-Khurd,1,FALSE,Barley,3590,3250,3950,1,1,1
Imlidih-Khurd,1,FALSE,Rice,3590,3250,3950,0.93,0.89,0.98
Imlidih-Khurd,2,FALSE,Wheat,2990,2750,3250,1,1,1
Imlidih-Khurd,2,FALSE,Barley,2990,2750,3250,1,1,1
Imlidih-Khurd,2,FALSE,Rice,2990,2750,3250,0.9,0.88,0.91
Inamgaon,1,FALSE,Foxtail millet,3550,3450,3650,1,1,1
Inamgaon,1,FALSE,Wheat,3550,3450,3650,1,1,1
Inamgaon,1,FALSE,Barley,3550,3450,3650,1,1,1
Inamgaon,2,FALSE,Foxtail millet,3290,3150,3450,1,1,1
Inamgaon,2,FALSE,Wheat,3290,3150,3450,1,1,1
Inamgaon,2,FALSE,Barley,3290,3150,3450,1,1,1
Inamgaon,3,FALSE,Foxtail millet,2990,2850,3150,1,1,1
Inamgaon,3,FALSE,Wheat,2990,2850,3150,1,1,1
Inamgaon,3,FALSE,Barley,2990,2850,3150,1,1,1
Inamgaon,3,FALSE,Rice,2990,2850,3150,0.98,0.98,0.99
Ingpuli,NA,FALSE,Rice,5230,4950,5510,0.98,0.937,0.98
Jhusi,NA,FALSE,Wheat,4450,4410,4490,1,1,1
Jhusi,NA,FALSE,Barley,4450,4410,4490,1,1,1
Jhusi,NA,FALSE,Rice,4450,4410,4490,1,1,1
Jiajiabao south (JJBCN),NA,FALSE,Foxtail millet,3650,3450,3850,0.86,0.81,0.935
Jiajiabao south (JJBCN),NA,FALSE,Rice,3650,3450,3850,0.56,0.52,0.65
"Jiangsu, Wujiang",NA,TRUE,Rice,4670,4350,5030,0.92,0.91,0.9614999999999999
"Jiangxi, Xingan",NA,TRUE,Rice,2550,2350,2730,0.83,0.82,0.84
Jiaoridang,NA,TRUE,Foxtail millet,3410,3370,3450,0.72,0.691,0.739
Jiaoridang,NA,TRUE,Broomcorn millet,3410,3370,3450,0.72,0.682,0.739
Jiaoridang,NA,TRUE,Barley,3410,3370,3450,0.92,0.9,0.92
Jinchankou,NA,TRUE,Foxtail millet,3850,3650,3950,0.825,0.7175,0.88
Jinchankou,NA,TRUE,Broomcorn millet,3850,3650,3950,0.84,0.7274999999999999,0.89625
Jinchankou,NA,TRUE,Barley,3850,3650,3950,0.975,0.92,0.99
Jinshacun,NA,FALSE,Foxtail millet,3790,2930,5430,1,0.89,1
Jinshacun,NA,FALSE,Rice,3790,2930,5430,0.92,0.69,0.98
Jizhai (JIZ),NA,FALSE,Foxtail millet,3950,3750,4150,0.98,0.945,1
Jizhai (JIZ),NA,FALSE,Broomcorn millet,3950,3750,4150,1,0.98,1
Jizhai (JIZ),NA,FALSE,Rice,3950,3750,4150,0.8,0.725,0.895
Kalashishuwan,NA,TRUE,Broomcorn millet,3210,3150,3330,0.7,0.6645000000000001,0.7755
Kalashishuwan,NA,TRUE,Wheat,3210,3150,3330,0.92,0.9,0.9555
Kalashishuwan,NA,TRUE,Barley,3210,3150,3330,0.895,0.87225,0.9355
Kanispur,NA,TRUE,Wheat,4130,4010,4230,1,1,1
Kanispur,NA,TRUE,Barley,4130,4010,4230,1,1,1
Karuo,1,TRUE,Foxtail millet,4430,4230,4770,0.96,0.93675,0.98
Karuo,1,TRUE,Broomcorn millet,4430,4230,4770,0.96,0.94,0.98
Karuo,2,TRUE,Wheat,3050,2950,3590,0.8,0.76,0.89
Karuo,2,TRUE,Barley,3050,2950,3590,0.77,0.728,0.862
Kaundinyapura,NA,FALSE,Rice,1950,1650,2250,0.91,0.83,0.96
Kausambi,NA,FALSE,Wheat,2410,2250,2590,1,1,1
Kausambi,NA,FALSE,Barley,2410,2250,2590,1,1,1
Kausambi,NA,FALSE,Rice,2410,2250,2590,0.935,0.91425,0.95
Keer,NA,TRUE,Barley,2710,2510,2750,0.86,0.853,0.87
Kezier Grottoes,NA,TRUE,Wheat,1410,1010,1790,0.895,0.7394999999999999,0.96
Kezierduoha Grottoes,NA,TRUE,Wheat,1250,970,1510,0.87,0.647,0.96
Khairadih,NA,FALSE,Wheat,2390,2150,2650,1,1,1
Khairadih,NA,FALSE,Barley,2390,2150,2650,1,1,1
Khairadih,NA,FALSE,Rice,2390,2150,2650,0.92,0.9,0.93
Khairwada,NA,FALSE,Rice,1950,1650,2250,0.95,0.88,0.98
Khao Sam Kheo,NA,TRUE,Foxtail millet,2190,190,3590,1,0.98,1
Khao Sam Kheo,NA,FALSE,Foxtail millet,2190,190,3590,1,0.98,1
Khao Sam Kheo,NA,TRUE,Rice,2190,190,3590,1,0.83,1
Khao Sam Kheo,NA,FALSE,Rice,2190,190,3590,1,0.83,1
Khirsara,NA,TRUE,Wheat,4130,4010,4230,1,1,1
Khok Charoen,NA,FALSE,Rice,3050,2750,3350,1,0.9975,1
Khok Phafalsem Di,NA,FALSE,Rice,3650,3350,3950,1,1,1
Kien Lies,NA,FALSE,Rice,3950,3750,4150,1,1,1
Kob Ches,NA,FALSE,Rice,3950,3750,4150,1,1,1
Kodumanal,NA,FALSE,Foxtail millet,2050,1850,2250,1,1,1
Kodumanal,NA,FALSE,Rice,2050,1850,2250,1,1,1
Kok Trabaek,NA,FALSE,Rice,3950,3750,4150,1,1,1
Kokhrakot,NA,FALSE,Barley,2090,1950,2250,1,1,1
Kokhrakot,NA,FALSE,Rice,2090,1950,2250,0.815,0.7837500000000001,0.84
Koldihwa,1,TRUE,Rice,3590,3350,3850,0.94,0.91,0.98
Koldihwa,2,TRUE,Foxtail millet,2650,2350,2950,1,0.9975,1
Koldihwa,2,TRUE,Wheat,2650,2350,2950,1,1,1
Koldihwa,2,TRUE,Barley,2650,2350,2950,1,1,1
Koldihwa,2,TRUE,Rice,2650,2350,2950,0.92,0.9175000000000001,0.94
Kolhapur,NA,FALSE,Rice,1950,1650,2250,0.98,0.9375,0.99
Konglong,NA,TRUE,Foxtail millet,5110,4890,5290,0.99,0.97,1
Konglong,NA,TRUE,Broomcorn millet,5110,4890,5290,0.98,0.97,1
Koppa,NA,FALSE,Rice,2050,1750,2350,0.99,0.9775,1
Koujia,NA,TRUE,Wheat,1370,1310,1470,0.96,0.924,0.978
Krek 52-62,NA,FALSE,Rice,4030,3490,4510,NA,NA,NA
Krek 52-62,NA,FALSE,Rice,4030,3490,4510,1,1,1
Kumutula Grottoes,NA,TRUE,Wheat,1310,810,1790,0.87,0.58,0.96
Kunal,1,FALSE,Wheat,4610,4450,4790,1,1,1
Kunal,1,FALSE,Barley,4610,4450,4790,1,1,1
Kunal,1,FALSE,Rice,4610,4450,4790,1,1,1
Kunal,2,FALSE,Wheat,4290,4150,4450,1,1,1
Kunal,2,FALSE,Barley,4290,4150,4450,1,1,1
Kunal,2,FALSE,Rice,4290,4150,4450,1,1,1
Kunal,3,TRUE,Wheat,3710,3290,3950,1,1,1
Kunal,3,TRUE,Barley,3710,3290,3950,1,1,1
Kunjhun,NA,FALSE,Rice,4950,4470,5430,1,1,1
Kunnatur,NA,FALSE,Rice,2050,1850,2250,1,1,1
Kyung-lung Mesa,NA,FALSE,Wheat,1630,1070,1710,0.67,0.58,0.822
Kyung-lung Mesa,NA,TRUE,Wheat,1630,1070,1710,0.67,0.58,0.822
Kyung-lung Mesa,NA,FALSE,Barley,1630,1070,1710,0.65,0.56,0.802
Kyung-lung Mesa,NA,TRUE,Barley,1630,1070,1710,0.65,0.56,0.802
Kyung-lung Mesa,NA,FALSE,Buckwheat,1630,1070,1710,0.59,0.498,0.762
Kyung-lung Mesa,NA,TRUE,Buckwheat,1630,1070,1710,0.59,0.498,0.762
Lagalamaerma,NA,TRUE,Barley,3270,3190,3350,0.86,0.832,0.918
Lahuradewa,1,TRUE,Foxtail millet,5230,4950,5510,1,1,1
Lahuradewa,1,TRUE,Rice,5230,4950,5510,1,1,1
Lahuradewa,2,TRUE,Foxtail millet,4190,3950,4450,1,1,1
Lahuradewa,2,TRUE,Wheat,4190,3950,4450,1,1,1
Lahuradewa,2,TRUE,Barley,4190,3950,4450,1,1,1
Lahuradewa,2,TRUE,Rice,4190,3950,4450,1,0.98,1
Lahuradewa,3,TRUE,Rice,3350,2970,3730,0.89,0.87,0.95
Lakeaiken Grottoes,NA,TRUE,Wheat,1630,1430,1810,0.9,0.8294999999999999,0.96
"Lal Qila, Uttar Pradesh",NA,FALSE,Wheat,3450,3150,3750,1,1,1
"Lal Qila, Uttar Pradesh",NA,FALSE,Barley,3450,3150,3750,1,1,1
"Lal Qila, Uttar Pradesh",NA,FALSE,Rice,3450,3150,3750,0.85,0.8274999999999999,0.9225000000000001
Lalongwa,NA,TRUE,Barley,2790,2750,2850,0.89,0.88,0.8987499999999999
Lamuzui,NA,TRUE,Broomcorn millet,2590,2450,2730,0.68,0.68,0.71
Lamuzui,NA,TRUE,Barley,2590,2450,2730,0.89,0.88,0.9065000000000001
Lang Ca,NA,TRUE,Rice,2230,2150,2330,0.99,0.98,0.99
Lang Vac,NA,FALSE,Rice,2490,2450,2550,0.995,0.99,1
Lao Pako,1,FALSE,Rice,4350,4150,4550,1,1,1
Lao Pako,2,FALSE,Rice,1890,1650,2150,0.98,0.93,1
Liangchengzhen,NA,FALSE,Foxtail millet,4150,3850,4450,1,0.96,1
Liangchengzhen,NA,FALSE,Broomcorn millet,4150,3850,4450,1,0.9975,1
Liangchengzhen,NA,FALSE,Wheat,4150,3850,4450,1,1,1
Liangchengzhen,NA,FALSE,Rice,4150,3850,4450,0.89,0.74,0.96
Liangzhu,NA,FALSE,Rice,4750,4270,5230,0.94,0.91,0.98
Linjia,NA,TRUE,Foxtail millet,4630,4390,4830,0.97,0.97,0.99
Linjia,NA,TRUE,Broomcorn millet,4630,4390,4830,0.98,0.98,0.99
Liujiangzhuang (LJZDN),NA,FALSE,Foxtail millet,3350,3150,3550,0.81,0.79,0.86
Liujiangzhuang (LJZDN),NA,FALSE,Broomcorn millet,3350,3150,3550,0.84,0.82,0.895
Liujiangzhuang (LJZDN),NA,FALSE,Rice,3350,3150,3550,0.51,0.49,0.55
Liuwanshagou,NA,TRUE,Foxtail millet,4250,4170,4390,0.985,0.98,0.99
Liuwanshagou,NA,TRUE,Broomcorn millet,4250,4170,4390,0.98,0.98,0.99
Loebanhr 3,NA,FALSE,Foxtail millet,3490,3350,3650,0.9,0.89,0.92625
Loebanhr 3,NA,FALSE,Broomcorn millet,3490,3350,3650,0.94,0.92,0.96
Loebanhr 3,NA,FALSE,Rice,3490,3350,3650,0.75,0.73,0.77
Longnan,NA,FALSE,Rice,5290,5150,5450,0.99,0.98,0.99
Longqiuzhuang,2,FALSE,Rice,5230,4950,5510,0.98,0.91,0.99
Longshan,NA,TRUE,Wheat,2890,2850,2950,0.9,0.88125,0.9087500000000001
Longshan,NA,TRUE,Barley,2890,2850,2950,0.88,0.86125,0.89
Lothal,NA,FALSE,Rice,3950,3910,3990,1,1,1
Loujiang,NA,TRUE,Rice,4610,4450,4770,0.92,0.92,0.96
Luanzagangzi,NA,TRUE,Foxtail millet,3190,3090,3310,0.655,0.63,0.7345
Luanzagangzi,NA,TRUE,Wheat,3190,3090,3310,0.92,0.9,0.94
Luanzagangzi,NA,TRUE,Barley,3190,3090,3310,0.895,0.8727499999999999,0.9345
Luokou NE,NA,FALSE,Foxtail millet,3650,3450,3850,0.88,0.84,0.95
Luokou NE,NA,FALSE,Broomcorn millet,3650,3450,3850,0.92,0.88,0.98
Luokou NE,NA,FALSE,Rice,3650,3450,3850,0.62,0.59,0.71
Luowalinchang,1,TRUE,Foxtail millet,4990,4530,5270,0.97,0.96925,1
Luowalinchang,1,TRUE,Broomcorn millet,4990,4530,5270,0.97,0.96,1
Luowalinchang,2,TRUE,Foxtail millet,3270,3170,3350,0.6799999999999999,0.65,0.74775
Luowalinchang,2,TRUE,Broomcorn millet,3270,3170,3350,0.67,0.64225,0.74775
Luowalinchang,2,TRUE,Wheat,3270,3170,3350,0.91,0.88225,0.94
Luowalinchang,2,TRUE,Barley,3270,3170,3350,0.885,0.86225,0.9355
Madnapur,NA,FALSE,Wheat,2770,2610,2950,1,1,1
Madnapur,NA,FALSE,Barley,2770,2610,2950,1,1,1
Madnapur,NA,FALSE,Rice,2770,2610,2950,0.87,0.85425,0.87
"Magha, Dt. Mirzapur, U.P.",NA,FALSE,Rice,2750,2550,2950,0.93,0.925,0.94
Mahagara,NA,FALSE,Barley,3590,3250,3950,1,1,1
Mahagara,NA,FALSE,Rice,3590,3250,3950,0.945,0.91,0.99
Malhar,1,TRUE,Barley,3850,3550,4150,1,1,1
Malhar,1,TRUE,Rice,3850,3550,4150,0.98,0.91,1
Malhar,2,TRUE,Wheat,3150,2770,3530,1,1,1
Malhar,2,TRUE,Barley,3150,2770,3530,1,1,1
Mangudi,NA,FALSE,Rice,1950,1650,2250,1,1,1
"Manjhi, Dt. Saran",NA,FALSE,Wheat,2090,1950,2250,1,1,1
"Manjhi, Dt. Saran",NA,FALSE,Barley,2090,1950,2250,1,1,1
"Manjhi, Dt. Saran",NA,FALSE,Rice,2090,1950,2250,0.91,0.87375,0.92625
Mantai,NA,FALSE,Wheat,2090,2050,2150,1,1,1
Mantai,NA,FALSE,Barley,2090,2050,2150,1,1,1
Mantai,NA,FALSE,Rice,2090,2050,2150,1,1,1
Maojiashan,NA,FALSE,Rice,5470,5450,5510,0.99,0.99,0.99
Maqiao,NA,FALSE,Rice,3950,3750,4150,0.85,0.805,0.915
Matun,NA,TRUE,Foxtail millet,3890,3730,4070,0.955,0.92,0.99
Matun,NA,TRUE,Broomcorn millet,3890,3730,4070,0.985,0.96,1
Mawangcun,NA,TRUE,Foxtail millet,2990,2870,3150,0.81,0.8,0.84
Mawangcun,NA,TRUE,Broomcorn millet,2990,2870,3150,0.84,0.83,0.8765000000000001
Mazhaerbaihe Grottoes,NA,TRUE,Wheat,1250,1070,1390,0.88,0.788,0.952
Mebrak,1,FALSE,Barley,2650,2350,2950,0.8,0.7875000000000001,0.84
Mebrak,1,FALSE,Buckwheat,2650,2350,2950,0.78,0.7550000000000001,0.81
Mebrak,2,FALSE,Broomcorn millet,2090,1850,2350,0.49,0.40625,0.5337500000000001
Mebrak,2,FALSE,Wheat,2090,1850,2350,0.79,0.68625,0.83375
Mebrak,2,FALSE,Barley,2090,1850,2350,0.765,0.67,0.8075
Mebrak,2,FALSE,Buckwheat,2090,1850,2350,0.725,0.6,0.7837500000000001
Mebrak,3,FALSE,Broomcorn millet,950,750,1150,0.12,0.10500000000000001,0.27
Mebrak,3,FALSE,Wheat,950,750,1150,0.42,0.4,0.57
Mebrak,3,FALSE,Barley,950,750,1150,0.4,0.38,0.54
Mebrak,3,FALSE,Buckwheat,950,750,1150,0.32,0.3,0.47
Mebrak,4,FALSE,Wheat,450,150,750,0.16,0,0.4025
Mebrak,4,FALSE,Buckwheat,450,150,750,0.09,0,0.3025
Mijiawan,NA,TRUE,Foxtail millet,4350,4250,4410,0.99,0.98,0.99
Mijiawan,NA,TRUE,Broomcorn millet,4350,4250,4410,0.98,0.98,0.99
Mitathal,NA,FALSE,Wheat,3650,3350,3950,1,1,1
Mitathal,NA,FALSE,Barley,3650,3350,3950,1,1,1
Mitathal,NA,FALSE,Rice,3650,3350,3950,0.87,0.81,0.96
Mlu Prei,NA,FALSE,Rice,3190,2470,3930,1,1,1
Mozuizi,NA,TRUE,Wheat,2090,1970,2290,0.92,0.9,0.94
Mozuizi,NA,TRUE,Barley,2090,1970,2290,0.91,0.88,0.9260000000000002
Nagda,NA,FALSE,Rice,1950,1650,2250,0.88,0.8,0.93
Naikund,NA,FALSE,Wheat,2590,2250,2950,1,1,1
Naikund,NA,FALSE,Rice,2590,2250,2950,0.98,0.97,0.99
Naimisharanya,NA,FALSE,Foxtail millet,1890,1650,2150,0.97,0.94,0.98375
Naimisharanya,NA,FALSE,Barley,1890,1650,2150,1,0.99,1
Naimisharanya,NA,FALSE,Rice,1890,1650,2150,0.81,0.74625,0.88
Nanbiqiao,NA,FALSE,Rice,3150,3110,3190,0.7,0.7,0.709
Nanhebang,NA,FALSE,Rice,5370,5250,5510,0.98,0.98,0.99
Nanjiaokou,NA,TRUE,Foxtail millet,5290,5050,5470,1,1,1
Nanjiaokou,NA,TRUE,Broomcorn millet,5290,5050,5470,1,1,1
Nanjiaokou,NA,TRUE,Rice,5290,5050,5470,0.95,0.8852500000000001,0.95
Nankuanli,NA,FALSE,Foxtail millet,4650,4310,4990,1,0.99,1
Nankuanli,NA,FALSE,Broomcorn millet,4650,4310,4990,1,1,1
Nankuanli,NA,FALSE,Rice,4650,4310,4990,0.91,0.9,0.94
Nansha,NA,TRUE,Wheat,3510,3410,3570,0.96,0.96,0.98
Nanshansi,NA,TRUE,Foxtail millet,4030,3930,4090,0.94,0.91,0.96
Nanshansi,NA,TRUE,Broomcorn millet,4030,3930,4090,0.94,0.92,0.96
Nanshi,NA,TRUE,Foxtail millet,4090,3910,4350,0.99,0.96,1
Nanshi,NA,TRUE,Broomcorn millet,4090,3910,4350,1,0.9955,1
Narhan,1,FALSE,Broomcorn millet,2990,2750,3250,1,1,1
Narhan,1,FALSE,Wheat,2990,2750,3250,1,1,1
Narhan,1,FALSE,Barley,2990,2750,3250,1,1,1
Narhan,1,FALSE,Rice,2990,2750,3250,0.9,0.88,0.92
Narhan,2,FALSE,Broomcorn millet,2450,2150,2750,1,1,1
Narhan,2,FALSE,Wheat,2450,2150,2750,1,1,1
Narhan,2,FALSE,Barley,2450,2150,2750,1,1,1
Narhan,2,FALSE,Rice,2450,2150,2750,0.91,0.89,0.93
Navdatoli,NA,FALSE,Wheat,3250,3050,3450,1,1,1
Navdatoli,NA,FALSE,Rice,3250,3050,3450,0.98,0.96,0.99
"Nevasa (1959-60 season, & 1973 sampling)",NA,FALSE,Wheat,1950,1650,2250,1,1,1
"Nevasa (1959-60 season, & 1973 sampling)",NA,FALSE,Barley,1950,1650,2250,1,1,1
"Nevasa (1959-60 season, & 1973 sampling)",NA,FALSE,Rice,1950,1650,2250,0.95,0.89,0.98
Nil Kham Haeng,NA,TRUE,Foxtail millet,2570,2370,2730,1,1,1
Nil Kham Haeng,NA,FALSE,Foxtail millet,2570,2370,2730,1,1,1
Nil Kham Haeng,NA,TRUE,Rice,2570,2370,2730,1,1,1
Nil Kham Haeng,NA,FALSE,Rice,2570,2370,2730,1,1,1
Noen U-Loke,NA,FALSE,Rice,1850,1470,2230,0.99,0.96,1
Noh,NA,FALSE,Barley,2190,1670,2730,1,0.99,1
Noh,NA,FALSE,Rice,2190,1670,2730,0.87,0.74325,0.9
Non Dua,NA,FALSE,Rice,2190,1950,2450,1,0.99,1
Non Muang Kao,NA,FALSE,Rice,1750,1550,1950,0.99,0.96,0.99
Non Noi,NA,FALSE,Rice,2690,2550,2850,1,1,1
Non Nok Tha,NA,FALSE,Rice,2790,2410,3370,1,0.99,1
Non Pa Wai,NA,FALSE,Foxtail millet,4170,3910,4410,1,1,1
Non Pa Wai,NA,FALSE,Rice,4170,3910,4410,1,1,1
Nong Han Lake Kumphawapi,NA,FALSE,Rice,1890,1850,1950,0.98,0.98,0.99
Nong Nor,NA,FALSE,Rice,2790,2550,3050,1,1,1
Oc Eo — Ba The,NA,FALSE,Rice,1590,1350,1850,1,0.99625,1
Ojakly,NA,TRUE,Broomcorn millet,3570,3450,3670,0.98,0.97,1
Ojakly,NA,FALSE,Broomcorn millet,3570,3450,3670,0.98,0.97,1
Ojakly,NA,TRUE,Wheat,3570,3450,3670,1,1,1
Ojakly,NA,FALSE,Wheat,3570,3450,3670,1,1,1
Ojakly,NA,TRUE,Barley,3570,3450,3670,1,1,1
Ojakly,NA,FALSE,Barley,3570,3450,3670,1,1,1
Ojiyana,3,TRUE,Wheat,4230,4150,4390,1,1,1
Oriup (Oriyup),NA,FALSE,Rice,2190,1950,2450,0.93,0.89625,0.95
Pakhanna (Bhairabdanga ),NA,FALSE,Rice,3150,2390,3910,0.97,0.949,1
Pandu Rajar Dhibi,NA,FALSE,Wheat,2950,2910,2990,1,1,1
Pandu Rajar Dhibi,NA,FALSE,Rice,2950,2910,2990,0.96,0.951,0.97
Patilaputra,NA,FALSE,Rice,2190,1950,2450,0.93,0.89625,0.95
Paunar,NA,FALSE,Rice,1950,1650,2250,0.96,0.89,0.98
Perur,NA,FALSE,Rice,1950,1650,2250,1,0.99,1
Phimai sites,NA,FALSE,Rice,2090,1670,2530,1,0.96075,1
Phromthin Tat,NA,TRUE,Foxtail millet,1490,1410,2090,1,1,1
Phromthin Tat,NA,TRUE,Rice,1490,1410,2090,0.99,0.96,1
Phu Khao Thong,NA,TRUE,Foxtail millet,1910,1830,2090,1,1,1
Phu Khao Thong,NA,FALSE,Foxtail millet,1910,1830,2090,1,1,1
Phu Khao Thong,NA,TRUE,Rice,1910,1830,2090,1,1,1
Phu Khao Thong,NA,FALSE,Rice,1910,1830,2090,1,1,1
Phu Lon,NA,FALSE,Rice,3050,3010,3090,0.99,0.99,0.99
Phum Snay,NA,FALSE,Rice,2190,1950,2450,1,1,1
Piklihal,NA,TRUE,Wheat,3690,3630,3810,1,1,1
Pingandongcun,NA,TRUE,Foxtail millet,4490,4430,4510,0.99,0.981,0.99
Pingandongcun,NA,TRUE,Broomcorn millet,4490,4430,4510,0.98,0.98,0.99
Pinganxincun,NA,TRUE,Foxtail millet,4490,4430,4510,0.99,0.981,0.99
Pinganxincun,NA,TRUE,Broomcorn millet,4490,4430,4510,0.98,0.98,0.99
Pirak,NA,FALSE,Broomcorn millet,3690,3510,3890,1,1,1
Pirak,NA,FALSE,Barley,3690,3510,3890,1,1,1
Pirak,NA,FALSE,Rice,3690,3510,3890,0.905,0.83,0.95
Pirvitani Sariff,NA,FALSE,Wheat,2190,1670,2730,1,0.99325,1
Pirvitani Sariff,NA,FALSE,Barley,2190,1670,2730,1,0.99,1
Pirvitani Sariff,NA,FALSE,Rice,2190,1670,2730,0.86,0.74325,0.89
Por Prok,NA,FALSE,Rice,3950,3750,4150,1,1,1
Pu Anqiao,NA,FALSE,Rice,5250,5210,5290,0.99,0.981,0.99
Qasim Bagh,1,TRUE,Broomcorn millet,3850,3270,3970,0.85,0.79,0.9225000000000001
Qasim Bagh,1,TRUE,Wheat,3850,3270,3970,0.96,0.92,0.99
Qasim Bagh,2,TRUE,Wheat,3730,3610,3870,0.975,0.94,0.99
Qiaocun,NA,TRUE,Wheat,810,710,910,0.64,0.6325000000000001,0.66
Qiezha,NA,TRUE,Barley,3290,3190,3350,0.86,0.832,0.91
Qikanghu Grottoes,NA,TRUE,Wheat,1190,1010,1290,0.84,0.754,0.94
Qingpu,NA,FALSE,Rice,5470,5450,5510,0.98,0.98,0.98
Qingshiya,NA,TRUE,Foxtail millet,4110,4010,4210,0.96,0.9325,0.97
Qingshiya,NA,TRUE,Broomcorn millet,4110,4010,4210,0.96,0.94,0.98
Qiucheng,2,FALSE,Rice,4690,4170,5230,NA,NA,NA
Qiujialing,NA,FALSE,Rice,5190,4950,5450,0.99,0.95,0.99
Quanhu,NA,FALSE,Rice,5230,4950,5510,0.92,0.81,0.93
Radhan,1,FALSE,Wheat,2650,2270,3030,1,1,1
Radhan,1,FALSE,Barley,2650,2270,3030,1,1,1
Radhan,1,FALSE,Rice,2650,2270,3030,0.91,0.8795000000000001,0.92
Radhan,2,FALSE,Wheat,950,910,990,0.98,0.98,0.989
Radhan,2,FALSE,Rice,950,910,990,0.65,0.64,0.678
Raja Nal Kal Tila,NA,FALSE,Wheat,3230,2550,3710,1,1,1
Raja Nal Kal Tila,NA,FALSE,Barley,3230,2550,3710,1,1,1
Raja Nal Kal Tila,NA,FALSE,Rice,3230,2550,3710,0.92,0.89,0.95
Rajdhani,NA,FALSE,Barley,2710,2350,3010,1,1,1
Rajdhani,NA,FALSE,Rice,2710,2350,3010,0.89,0.86825,0.91
Rajgir,NA,FALSE,Rice,2190,1950,2450,0.93,0.89625,0.95
Rangpur,NA,FALSE,Rice,3950,3910,3990,1,1,1
Ropar,NA,FALSE,Rice,3650,3450,3850,0.8,0.74,0.895
Samrong Sen,NA,FALSE,Rice,3490,3350,3650,1,1,1
Sanchankot — Ramkot,NA,FALSE,Foxtail millet,2290,1670,2930,0.99,0.96,0.99
Sanchankot — Ramkot,NA,FALSE,Barley,2290,1670,2930,1,1,1
Sanchankot — Ramkot,NA,FALSE,Rice,2290,1670,2930,0.9,0.77575,0.92
Sanghol,1,FALSE,Wheat,3590,3350,3850,1,1,1
Sanghol,1,FALSE,Barley,3590,3350,3850,1,1,1
Sanghol,2,FALSE,Wheat,1930,1710,2150,1,0.9854999999999999,1
Sanghol,2,FALSE,Barley,1930,1710,2150,1,0.98,1
Sanghol,2,FALSE,Rice,1930,1710,2150,0.72,0.6655,0.7845
Sanjai Valley: CANU42,NA,FALSE,Rice,3190,3150,3250,0.99,0.98,0.99
Sannarachamma,NA,TRUE,Wheat,3670,3110,3890,1,1,1
Sannarachamma,NA,TRUE,Barley,3670,3110,3890,1,1,1
Sarazm,NA,FALSE,Wheat,4690,3970,5430,1,0.99825,1
Sarazm,NA,FALSE,Barley,4690,3970,5430,1,0.99825,1
Saunphari,NA,FALSE,Rice,2150,1770,2530,0.84,0.7795000000000001,0.88
"Semthan, Kashmir",1,FALSE,Wheat,2990,2570,3430,0.94,0.92,0.96
"Semthan, Kashmir",1,FALSE,Barley,2990,2570,3430,0.94,0.92,0.96
"Semthan, Kashmir",1,FALSE,Rice,2990,2570,3430,0.47,0.43,0.53
"Semthan, Kashmir",2,FALSE,Wheat,2350,2150,2550,0.94,0.935,0.96
"Semthan, Kashmir",2,FALSE,Barley,2350,2150,2550,0.94,0.92,0.94
"Semthan, Kashmir",2,FALSE,Rice,2350,2150,2550,0.48,0.44,0.51
"Semthan, Kashmir",3,FALSE,Broomcorn millet,2050,1970,2150,0.815,0.7845,0.83775
"Semthan, Kashmir",3,FALSE,Wheat,2050,1970,2150,0.935,0.92,0.94
"Semthan, Kashmir",3,FALSE,Barley,2050,1970,2150,0.92,0.92,0.94
"Semthan, Kashmir",3,FALSE,Rice,2050,1970,2150,0.44,0.41224999999999995,0.47
"Semthan, Kashmir",4,FALSE,Broomcorn millet,1690,1450,1950,0.76,0.67625,0.82
"Semthan, Kashmir",4,FALSE,Wheat,1690,1450,1950,0.9,0.84,0.94
"Semthan, Kashmir",4,FALSE,Barley,1690,1450,1950,0.9,0.84,0.9337500000000001
"Semthan, Kashmir",4,FALSE,Rice,1690,1450,1950,0.38,0.32625000000000004,0.45375
"Semthan, Kashmir",5,FALSE,Wheat,1190,950,1450,0.845,0.6925,0.94
"Semthan, Kashmir",5,FALSE,Barley,1190,950,1450,0.83,0.6825,0.9237500000000001
"Semthan, Kashmir",5,FALSE,Rice,1190,950,1450,0.325,0.25625,0.44375000000000003
Senmusaimu Grottoes,NA,TRUE,Wheat,1210,870,1790,0.88,0.58,0.96
Senuwar,1,FALSE,Foxtail millet,3850,3750,3950,1,1,1
Senuwar,1,FALSE,Barley,3850,3750,3950,1,1,1
Senuwar,1,FALSE,Rice,3850,3750,3950,0.99,0.98,0.99
Senuwar,2,FALSE,Foxtail millet,3450,3150,3750,1,1,1
Senuwar,2,FALSE,Wheat,3450,3150,3750,1,1,1
Senuwar,2,FALSE,Barley,3450,3150,3750,1,1,1
Senuwar,2,FALSE,Rice,3450,3150,3750,0.94,0.92,0.9725
Senuwar,3,FALSE,Foxtail millet,2850,2550,3150,1,1,1
Senuwar,3,FALSE,Wheat,2850,2550,3150,1,1,1
Senuwar,3,FALSE,Barley,2850,2550,3150,1,1,1
Senuwar,3,FALSE,Rice,2850,2550,3150,0.93,0.91,0.94
Shaguoliang,NA,TRUE,Foxtail millet,3670,3510,3830,0.81,0.73,0.9
Shaguoliang,NA,TRUE,Broomcorn millet,3670,3510,3830,0.84,0.75,0.92
Shaguoliang,NA,TRUE,Wheat,3670,3510,3830,0.97,0.94,0.99
Shaguoliang,NA,TRUE,Barley,3670,3510,3830,0.96,0.92,0.99
Shangduoba,NA,TRUE,Foxtail millet,4470,4430,4610,0.98,0.97,0.99
Shangduoba,NA,TRUE,Broomcorn millet,4470,4430,4610,0.98,0.9722500000000001,0.99
Shangguancun,NA,TRUE,Wheat,1250,1190,1290,0.9299999999999999,0.8925000000000001,0.94
Shangshaowang (SSW),NA,FALSE,Foxtail millet,5030,4570,5490,1,0.99,1
Shangshaowang (SSW),NA,FALSE,Broomcorn millet,5030,4570,5490,1,1,1
Shangshaowang (SSW),NA,FALSE,Rice,5030,4570,5490,0.88,0.83,0.96
Shangzhuang,NA,FALSE,Foxtail millet,4190,3850,4550,1,0.95,1
Shangzhuang,NA,FALSE,Broomcorn millet,4190,3850,4550,1,0.98,1
Shangzhuang,NA,FALSE,Wheat,4190,3850,4550,1,1,1
Shangzhuang,NA,FALSE,Rice,4190,3850,4550,0.88,0.70875,0.94
Shantaisi,NA,FALSE,Foxtail millet,4190,3850,4550,1,0.96875,1
Shantaisi,NA,FALSE,Broomcorn millet,4190,3850,4550,1,1,1
Shantaisi,NA,FALSE,Rice,4190,3850,4550,0.92,0.77875,0.96
Shaochai,NA,FALSE,Foxtail millet,3650,3450,3850,0.86,0.82,0.94
Shaochai,NA,FALSE,Broomcorn millet,3650,3450,3850,0.9,0.86,0.97
Shaochai,NA,FALSE,Rice,3650,3450,3850,0.59,0.55,0.675
Shaoqingshan,NA,FALSE,Rice,4690,4170,5230,0.93,0.91,0.98
Shawuang,NA,TRUE,Barley,2350,2230,2390,0.87,0.852,0.9
Shengjinkou Grottoes,NA,TRUE,Wheat,890,770,1030,0.66,0.63325,0.8069999999999999
Shidao (SHD),NA,FALSE,Foxtail millet,3650,3450,3850,0.87,0.83,0.94
Shidao (SHD),NA,FALSE,Broomcorn millet,3650,3450,3850,0.91,0.86,0.98
Shidao (SHD),NA,FALSE,Rice,3650,3450,3850,0.6,0.56,0.69
Shifodong,NA,TRUE,Foxtail millet,3170,2990,3330,0.88,0.87,0.90575
Shifodong,NA,TRUE,Rice,3170,2990,3330,0.7,0.7,0.7457499999999999
Shijiahe,NA,FALSE,Rice,4450,3970,4930,0.94,0.892,0.97
Shilinggang,NA,FALSE,Foxtail millet,2530,2350,2710,0.88,0.8745,0.89
Shilinggang,NA,FALSE,Rice,2530,2350,2710,0.69,0.68,0.71
Shisanhang,NA,FALSE,Rice,1950,1470,2430,0.87,0.8,0.9
Shixia,NA,TRUE,Rice,4470,4110,4890,0.96,0.95975,0.98
Shixia,NA,FALSE,Rice,4470,4110,4890,0.96,0.95975,0.98
Shiyangguan (SYG),NA,FALSE,Foxtail millet,4950,4470,5430,1,1,1
Shiyangguan (SYG),NA,FALSE,Broomcorn millet,4950,4470,5430,1,1,1
Shiyangguan (SYG),NA,FALSE,Rice,4950,4470,5430,0.93,0.89,0.98
Shortugai,NA,FALSE,Broomcorn millet,4410,4010,4810,0.99,0.98,1
Shortugai,NA,FALSE,Wheat,4410,4010,4810,1,1,1
Shortugai,NA,FALSE,Barley,4410,4010,4810,1,1,1
Shuangerdongping,NA,TRUE,Foxtail millet,2870,2790,3310,0.7,0.67,0.747
Shuangerdongping,NA,TRUE,Foxtail millet,2870,2790,3310,0.7,0.67,0.747
Shuangerdongping,NA,TRUE,Broomcorn millet,2870,2790,3310,0.71,0.68,0.7635
Shuangerdongping,NA,TRUE,Broomcorn millet,2870,2790,3310,0.71,0.68,0.7635
Shuangerdongping,NA,TRUE,Wheat,2870,2790,3310,0.92,0.9,0.94
Shuangerdongping,NA,TRUE,Wheat,2870,2790,3310,0.92,0.9,0.94
Shuangerdongping,NA,TRUE,Barley,2870,2790,3310,0.9,0.88,0.9269999999999999
Shuangerdongping,NA,TRUE,Barley,2870,2790,3310,0.9,0.88,0.9269999999999999
Sidaogou,NA,TRUE,Wheat,3270,3090,3390,0.955,0.94,0.98
Sigou,NA,TRUE,Foxtail millet,4830,4630,4950,1,1,1
Sigou,NA,TRUE,Broomcorn millet,4830,4630,4950,1,1,1
Siyapur,NA,FALSE,Barley,2490,1690,3310,1,1,1
Siyapur,NA,FALSE,Rice,2490,1690,3310,0.89,0.7805,0.91
Sohargaura,NA,FALSE,Rice,2890,2470,3330,0.9,0.87075,0.91925
Sonepur,NA,FALSE,Rice,3050,2950,3150,0.62,0.62,0.6375
Songze,NA,FALSE,Rice,5150,4870,5490,0.98,0.92,0.99
Sringaverapura,NA,FALSE,Barley,2850,2650,3050,1,1,1
Sringaverapura,NA,FALSE,Rice,2850,2650,3050,0.9,0.875,0.91
Suncun South (SCXN),NA,FALSE,Foxtail millet,4450,4350,4550,1,1,1
Suncun South (SCXN),NA,FALSE,Broomcorn millet,4450,4350,4550,1,1,1
Suncun South (SCXN),NA,FALSE,Rice,4450,4350,4550,0.9,0.8724999999999999,0.92
Taitaier Grottoes,NA,TRUE,Wheat,1210,1010,1330,0.8,0.716,0.9120000000000001
Talitaliha,NA,TRUE,Barley,2930,2810,3030,0.885,0.85,0.9
Talitaliha,NA,TRUE,Barley,2930,2810,3030,0.885,0.85,0.9
Tansishan,NA,FALSE,Rice,4550,4290,4810,NA,NA,NA
Taosi,1,FALSE,Foxtail millet,3850,3750,3950,0.94,0.9225000000000001,0.96
Taosi,1,FALSE,Broomcorn millet,3850,3750,3950,0.98,0.96,0.99
Taosi,1,FALSE,Rice,3850,3750,3950,0.68,0.6425,0.7275
Taosi,2,FALSE,Foxtail millet,3490,3450,3550,0.83,0.82,0.84
Taosi,2,FALSE,Broomcorn millet,3490,3450,3550,0.87,0.86,0.88875
Taosi,2,FALSE,Rice,3490,3450,3550,0.54,0.54,0.5587500000000001
Taosi,3,FALSE,Foxtail millet,3590,3550,3650,0.835,0.82,0.86875
Taosi,3,FALSE,Broomcorn millet,3590,3550,3650,0.875,0.86,0.9087500000000001
Taosi,3,FALSE,Rice,3590,3550,3650,0.555,0.54,0.57875
Tasbas,1,TRUE,Wheat,4530,4430,4790,1,1,1
Tasbas,1,FALSE,Wheat,4530,4430,4790,1,1,1
Tasbas,2,TRUE,Foxtail millet,3170,2790,4070,0.71,0.63,0.95
Tasbas,2,FALSE,Foxtail millet,3170,2790,4070,0.71,0.63,0.95
Tasbas,2,TRUE,Broomcorn millet,3170,2790,4070,0.74,0.65,0.948
Tasbas,2,FALSE,Broomcorn millet,3170,2790,4070,0.74,0.65,0.948
Tasbas,2,TRUE,Wheat,3170,2790,4070,0.94,0.9,1
Tasbas,2,FALSE,Wheat,3170,2790,4070,0.94,0.9,1
Tasbas,2,TRUE,Barley,3170,2790,4070,0.92,0.8760000000000001,1
Tasbas,2,FALSE,Barley,3170,2790,4070,0.92,0.8760000000000001,1
Taungthaman,NA,FALSE,Rice,2390,2150,2650,0.97,0.9562499999999999,0.98
Tawendaliha,NA,TRUE,Broomcorn millet,3330,3250,3370,0.7,0.6615,0.7385
Tawendaliha,NA,TRUE,Barley,3330,3250,3370,0.91,0.8714999999999999,0.92
Tenghualuo,NA,FALSE,Rice,4190,3850,4550,0.87,0.68875,0.93
Ter (Thair),NA,FALSE,Wheat,1850,1550,2150,1,1,1
Ter (Thair),NA,FALSE,Barley,1850,1550,2150,1,1,1
Ter (Thair),NA,FALSE,Rice,1850,1550,2150,0.95,0.9,0.98
Thanh Dien,NA,FALSE,Rice,1590,1350,1850,1,0.99,1
Tianluoshan,NA,FALSE,Rice,4970,1930,5490,0.79,0.74,0.98
Tianposhuiku,NA,TRUE,Foxtail millet,3250,3090,3350,0.82,0.8,0.87
Tianposhuiku,NA,TRUE,Broomcorn millet,3250,3090,3350,0.86,0.84,0.91
Tianposhuiku,NA,TRUE,Wheat,3250,3090,3350,0.98,0.97,0.99
Tianposhuiku,NA,TRUE,Rice,3250,3090,3350,0.545,0.53,0.59
Tigrana,NA,TRUE,Wheat,4530,4450,4770,1,1,1
Tissa Maharama,NA,FALSE,Rice,2350,2250,2450,1,1,1
Tokwa,NA,FALSE,Rice,3650,3350,3950,0.95,0.91,0.99
Tonglin (Tianwang),NA,FALSE,Rice,4190,3850,4550,0.89,0.69875,0.95
"Toul Leas, Toul Lies, Chung Khsach Toulies",NA,FALSE,Rice,3950,3750,4150,1,1,1
Tra Kieu,NA,FALSE,Rice,2150,1950,2350,1,0.99,1
Tu Son,NA,FALSE,Rice,3290,3150,3450,0.99,0.98,1
Tuanjie,NA,TRUE,Foxtail millet,3070,2970,3170,0.65,0.64,0.66
Tuanjie,NA,TRUE,Broomcorn millet,3070,2970,3170,0.64,0.64,0.66
Tuanjie,NA,TRUE,Barley,3070,2970,3170,0.86,0.8524999999999999,0.87
Tuljapur Garhi,NA,FALSE,Wheat,3250,3050,3450,1,1,1
Tuljapur Garhi,NA,FALSE,Barley,3250,3050,3450,1,1,1
Tuljapur Garhi,NA,FALSE,Rice,3250,3050,3450,0.97,0.96,0.99
Tusuzai,NA,FALSE,Foxtail millet,2230,1950,2410,0.74,0.6615,0.79425
Tusuzai,NA,TRUE,Foxtail millet,2230,1950,2410,0.74,0.6615,0.79425
Tusuzai,NA,FALSE,Broomcorn millet,2230,1950,2410,0.765,0.6915,0.82
Tusuzai,NA,TRUE,Broomcorn millet,2230,1950,2410,0.765,0.6915,0.82
Tusuzai,NA,FALSE,Wheat,2230,1950,2410,0.94,0.9115,0.96
Tusuzai,NA,TRUE,Wheat,2230,1950,2410,0.94,0.9115,0.96
Tusuzai,NA,FALSE,Barley,2230,1950,2410,0.92,0.89575,0.94
Tusuzai,NA,TRUE,Barley,2230,1950,2410,0.92,0.89575,0.94
Tuyugou,NA,TRUE,Wheat,1350,950,1790,0.94,0.682,1
Ujjain,NA,FALSE,Rice,1950,1650,2250,0.88,0.7975000000000001,0.93
"Veerapuram, Andhra Pradesh",NA,FALSE,Barley,1990,1570,2430,1,1,1
"Veerapuram, Andhra Pradesh",NA,FALSE,Rice,1990,1570,2430,0.99,0.96,1
Wadian (WAD),NA,FALSE,Foxtail millet,3950,3750,4150,0.98,0.945,1
Wadian (WAD),NA,FALSE,Broomcorn millet,3950,3750,4150,1,0.98,1
Wadian (WAD),NA,FALSE,Rice,3950,3750,4150,0.8,0.725,0.895
Waina,NA,FALSE,Foxtail millet,2990,2570,3430,1,0.99,1
Waina,NA,FALSE,Wheat,2990,2570,3430,1,1,1
Waina,NA,FALSE,Rice,2990,2570,3430,0.93,0.9,0.95
Walki,NA,FALSE,Rice,3250,3050,3450,0.99,0.98,1
Wangchenggang,1,FALSE,Foxtail millet,3870,3750,3990,0.96,0.943,0.98
Wangchenggang,1,FALSE,Broomcorn millet,3870,3750,3990,0.99,0.98,1
Wangchenggang,1,FALSE,Rice,3870,3750,3990,0.75,0.713,0.807
Wangchenggang,2,FALSE,Foxtail millet,3190,2950,3450,0.86,0.85,0.90375
Wangchenggang,2,FALSE,Broomcorn millet,3190,2950,3450,0.9,0.88,0.9437499999999999
Wangchenggang,2,FALSE,Wheat,3190,2950,3450,0.99,0.99,1
Wangchenggang,2,FALSE,Rice,3190,2950,3450,0.63,0.61,0.67
Wangchenggang,3,FALSE,Foxtail millet,2570,2430,2710,0.88,0.87,0.89
Wangchenggang,3,FALSE,Broomcorn millet,2570,2430,2710,0.92,0.92,0.94
Wangchenggang,3,FALSE,Wheat,2570,2430,2710,1,1,1
Wangchenggang,3,FALSE,Rice,2570,2430,2710,0.64,0.6335,0.65
Wayaotai,NA,TRUE,Broomcorn millet,3670,3590,3790,0.82,0.7250000000000001,0.88
Wayaotai,NA,TRUE,Barley,3670,3590,3790,0.96,0.905,0.98
Weijiabao,NA,TRUE,Broomcorn millet,3030,2970,3150,0.64,0.63,0.6555000000000001
Weijiabao,NA,TRUE,Barley,3030,2970,3150,0.86,0.85,0.86775
Weizhuang,NA,TRUE,Foxtail millet,4930,4710,5230,0.99,0.99,1
Weizhuang,NA,TRUE,Broomcorn millet,4930,4710,5230,1,1,1
Wenjia,NA,TRUE,Foxtail millet,3010,2930,3130,0.71,0.7,0.7374999999999999
Wenjia,NA,TRUE,Broomcorn millet,3010,2930,3130,0.72,0.71,0.7475
Wenjia,NA,TRUE,Wheat,3010,2930,3130,0.92,0.92,0.9349999999999999
Wenjia,NA,TRUE,Barley,3010,2930,3130,0.89,0.89,0.9175000000000001
Wupaer,NA,TRUE,Wheat,2790,2490,3430,0.94,0.92,0.96
Wuwan (WUW),NA,FALSE,Foxtail millet,3950,3750,4150,0.98,0.945,1
Wuwan (WUW),NA,FALSE,Broomcorn millet,3950,3750,4150,1,0.98,1
Wuwan (WUW),NA,FALSE,Rice,3950,3750,4150,0.79,0.715,0.885
Xiaohe,1,FALSE,Broomcorn millet,3690,3430,3950,0.94,0.86,0.98
Xiaohe,1,FALSE,Wheat,3690,3430,3950,0.99,0.98,1
Xiaohe,2,FALSE,Broomcorn millet,3530,3390,3690,0.88,0.86,0.9324999999999999
Xiaohe,2,FALSE,Wheat,3530,3390,3690,0.98,0.98,0.99
Xiaohe,3,TRUE,Broomcorn millet,3510,3390,3870,0.91,0.86,0.964
Xiaohe,3,TRUE,Wheat,3510,3390,3870,0.99,0.98,1
Xiaojin,NA,FALSE,Rice,5470,5450,5510,0.97,0.97,0.97
Xiariyamakebu,NA,TRUE,Foxtail millet,3310,3230,3370,0.695,0.65,0.73
Xiariyamakebu,NA,TRUE,Wheat,3310,3230,3370,0.915,0.88175,0.94
Xiariyamakebu,NA,TRUE,Barley,3310,3230,3370,0.895,0.8617499999999999,0.92
Xiasunjiazhai,NA,TRUE,Broomcorn millet,4010,3910,4070,0.93,0.904,0.96
Xiasunjiazhai,NA,TRUE,Barley,4010,3910,4070,1,0.99,1
Xiawatai,NA,TRUE,Broomcorn millet,2830,2790,2910,0.7,0.68,0.7
Xiawatai,NA,TRUE,Wheat,2830,2790,2910,0.92,0.92,0.92
Xiawatai,NA,TRUE,Barley,2830,2790,2910,0.9,0.8915,0.9
Xiawu (XIW),NA,FALSE,Foxtail millet,3950,3750,4150,0.98,0.945,1
Xiawu (XIW),NA,FALSE,Broomcorn millet,3950,3750,4150,1,0.98,1
Xiawu (XIW),NA,FALSE,Rice,3950,3750,4150,0.8,0.725,0.895
Xiayukou (XYK),NA,FALSE,Foxtail millet,4090,3850,4350,0.99,0.94,1
Xiayukou (XYK),NA,FALSE,Broomcorn millet,4090,3850,4350,1,0.97,1
Xiayukou (XYK),NA,FALSE,Rice,4090,3850,4350,0.805,0.66625,0.89375
Xicaozi,NA,TRUE,Wheat,3150,3010,3310,0.94,0.92,0.96
Xifandian (XFD),NA,FALSE,Foxtail millet,3950,3750,4150,0.97,0.935,0.995
Xifandian (XFD),NA,FALSE,Broomcorn millet,3950,3750,4150,1,0.97,1
Xifandian (XFD),NA,FALSE,Rice,3950,3750,4150,0.76,0.685,0.865
Xindian,NA,TRUE,Wheat,2910,2810,2990,0.92,0.8845000000000001,0.92
Xindian,NA,TRUE,Barley,2910,2810,2990,0.9,0.86225,0.9
Xinglonggou,NA,FALSE,Foxtail millet,5390,5310,5470,1,1,1
Xinglonggou,NA,FALSE,Broomcorn millet,5390,5310,5470,1,1,1
Xinglongwa,NA,FALSE,Foxtail millet,3810,2370,4770,0.8,0.71,1
Xinglongwa,NA,FALSE,Broomcorn millet,3810,2370,4770,0.88,0.77,1
Xinjia,NA,TRUE,Foxtail millet,4030,3930,4130,0.95,0.92,0.97
Xinjia,NA,TRUE,Broomcorn millet,4030,3930,4130,0.96,0.9325,0.98
Xintala,NA,TRUE,Wheat,3730,3590,3870,0.99,0.9635,0.9964999999999999
Xinzhai,NA,FALSE,Foxtail millet,3750,3590,4110,0.96,0.8765000000000001,0.9934999999999999
Xinzhai,NA,FALSE,Broomcorn millet,3750,3590,4110,0.99,0.9165000000000001,1
Xinzhai,NA,FALSE,Rice,3750,3590,4110,0.75,0.6465,0.8734999999999999
Xishanping,NA,TRUE,Foxtail millet,5130,4870,5470,1,0.99,1
Xishanping,NA,TRUE,Broomcorn millet,5130,4870,5470,1,0.99,1
Xishanping,NA,TRUE,Wheat,5130,4870,5470,1,1,1
Xishanping,NA,TRUE,Barley,5130,4870,5470,1,1,1
Xishanping,NA,TRUE,Rice,5130,4870,5470,0.9,0.8,0.92
Xuejiagang,NA,FALSE,Rice,5070,4630,5410,0.945,0.92,0.99
Yaerhu Grottoes,NA,TRUE,Wheat,1330,1270,1410,0.99,0.9635,1
Yaluhu,NA,TRUE,Foxtail millet,4410,4290,4510,0.99,0.98,0.99
Yaluhu,NA,TRUE,Broomcorn millet,4410,4290,4510,0.98,0.98,0.99
Yan'erlong,NA,FALSE,Wheat,3290,2850,3550,0.835,0.79,0.9
Yan'erlong,NA,FALSE,Barley,3290,2850,3550,0.8,0.76,0.88
Yanghai,NA,TRUE,Broomcorn millet,2690,2170,2750,0.93,0.9,0.95
Yanghai,NA,TRUE,Wheat,2690,2170,2750,1,1,1
Yanghai,NA,TRUE,Barley,2690,2170,2750,1,0.98,1
Yangjiayyuan,NA,FALSE,Rice,4130,3810,4450,0.83,0.658,0.93
Yangjiazhaipo,NA,TRUE,Foxtail millet,4030,3990,4130,0.945,0.9117500000000001,0.96
Yangjiazhaipo,NA,TRUE,Broomcorn millet,4030,3990,4130,0.945,0.9217500000000001,0.96
Yangou,NA,TRUE,Foxtail millet,2570,2370,2710,0.705,0.69,0.74
Yangou,NA,TRUE,Broomcorn millet,2570,2370,2710,0.71,0.7,0.74
Yangou,NA,TRUE,Barley,2570,2370,2710,0.9,0.9,0.92
Yaowangcheng,NA,FALSE,Rice,4190,3850,4550,0.91,0.74875,0.96
Yingpan cemetery,NA,TRUE,Broomcorn millet,1770,1710,1850,0.745,0.6835000000000001,0.77
Yingpan cemetery,NA,TRUE,Wheat,1770,1710,1850,0.94,0.8835000000000001,0.9582499999999999
Yingpan cemetery,NA,TRUE,Barley,1770,1710,1850,0.915,0.8634999999999999,0.93
Yingpandi,NA,TRUE,Wheat,2850,2790,2910,0.94,0.923,0.94
Yingpandi,NA,TRUE,Barley,2850,2790,2910,0.92,0.9115,0.92
Youfangtou (YFT),NA,FALSE,Foxtail millet,3950,3750,4150,0.97,0.935,0.995
Youfangtou (YFT),NA,FALSE,Broomcorn millet,3950,3750,4150,1,0.97,1
Youfangtou (YFT),NA,FALSE,Rice,3950,3750,4150,0.76,0.685,0.865
Yuancun (YUC),NA,FALSE,Foxtail millet,5230,4950,5510,1,1,1
Yuancun (YUC),NA,FALSE,Broomcorn millet,5230,4950,5510,1,1,1
Yuancun (YUC),NA,FALSE,Rice,5230,4950,5510,0.97,0.88,0.97
Yuangjiaquan,NA,FALSE,Rice,4190,3850,4550,0.86,0.6687500000000001,0.93
Yuanqiao (YUQ),NA,FALSE,Foxtail millet,5230,4950,5510,1,1,1
Yuanqiao (YUQ),NA,FALSE,Broomcorn millet,5230,4950,5510,1,1,1
Yuanqiao (YUQ),NA,FALSE,Rice,5230,4950,5510,0.97,0.88,0.97
Yuchisi,NA,FALSE,Rice,4330,3650,4790,0.91,0.72425,0.96
Yuergou,NA,FALSE,Foxtail millet,2390,2170,2690,0.78,0.74,0.81
Yuergou,NA,FALSE,Broomcorn millet,2390,2170,2690,0.82,0.78,0.84
Yuergou,NA,FALSE,Wheat,2390,2170,2690,0.96,0.95,0.97
Yuergou,NA,FALSE,Barley,2390,2170,2690,0.96,0.94,0.96
"Yunnan, Qujing",NA,TRUE,Rice,3230,3070,3350,0.59,0.58,0.63
Zaojiaoshu,1,FALSE,Wheat,3870,3810,3950,1,1,1
Zaojiaoshu,1,FALSE,Barley,3870,3810,3950,1,1,1
Zaojiaoshu,1,FALSE,Rice,3870,3810,3950,0.755,0.73175,0.78825
Zaojiaoshu,2,FALSE,Wheat,3690,3650,3750,1,1,1
Zaojiaoshu,2,FALSE,Barley,3690,3650,3750,1,1,1
Zaojiaoshu,2,FALSE,Rice,3690,3650,3750,0.685,0.6525,0.70875
Zaojiaoshu,3,FALSE,Wheat,3550,3450,3650,0.99,0.99,1
Zaojiaoshu,3,FALSE,Barley,3550,3450,3650,0.98,0.98,1
Zaojiaoshu,3,FALSE,Rice,3550,3450,3650,0.62,0.62,0.6475000000000001
Zhangga,NA,TRUE,Foxtail millet,4910,4850,5030,0.97,0.97,0.9777499999999999
Zhangga,NA,TRUE,Broomcorn millet,4910,4850,5030,0.97,0.97,0.98
Zhaocheng,NA,FALSE,Foxtail millet,5190,4950,5450,1,1,1
Zhaocheng,NA,FALSE,Rice,5190,4950,5450,0.96,0.87,0.97
Zhaojiazhuang,NA,FALSE,Wheat,4330,4170,4510,1,1,1
Zhaojiazhuang new,NA,TRUE,Foxtail millet,3890,3850,3970,0.9,0.8714999999999999,0.91
Zhaojiazhuang new,NA,TRUE,Broomcorn millet,3890,3850,3970,0.91,0.8815000000000001,0.9285000000000001
"Zhejiang, Wuxing",NA,TRUE,Rice,5210,4910,5470,0.98,0.92,0.99
Zhongba,NA,FALSE,Foxtail millet,2830,2370,4450,0.87,0.83,1
Zhongba,NA,FALSE,Broomcorn millet,2830,2370,4450,0.88,0.84,1
Zhongba,NA,FALSE,Rice,2830,2370,4450,0.64,0.6,0.91
Zhonglu,NA,FALSE,Foxtail millet,4530,3990,5430,0.97,0.928,1
Zhonglu,NA,FALSE,Broomcorn millet,4530,3990,5430,0.98,0.928,1
Zhongtan,NA,TRUE,Foxtail millet,3950,3890,4070,0.915,0.88225,0.95
Zhongtan,NA,TRUE,Broomcorn millet,3950,3890,4070,0.925,0.8922500000000001,0.96
Zhoujiazhuang (ZJZ),NA,FALSE,Foxtail millet,4450,4350,4550,1,0.99,1
Zhoujiazhuang (ZJZ),NA,FALSE,Broomcorn millet,4450,4350,4550,1,1,1
Zhoujiazhuang (ZJZ),NA,FALSE,Rice,4450,4350,4550,0.89,0.8625,0.9
Zhouyuan,NA,FALSE,Foxtail millet,4090,3750,4450,0.99,0.93875,1
Zhouyuan,NA,FALSE,Broomcorn millet,4090,3750,4450,1,0.96875,1
Zhouyuan,NA,FALSE,Wheat,4090,3750,4450,1,1,1
Zhouyuan,NA,FALSE,Rice,4090,3750,4450,0.845,0.68875,0.94
Zhuanglixi,NA,FALSE,Rice,4190,3850,4550,0.9,0.74875,0.96
Zhujiazui,NA,FALSE,Rice,5190,4950,5450,0.99,0.95,0.99
